step,elapsed_tokens,elapsed_examples,training_loss,training_sequence_accuracy,training_token_accuracy,validation_loss,validation_sequence_accuracy,validation_token_accuracy,classification/accuracy,classification/weighted_f1_score
1,57,1,0.7282743147071492,0.0,0.0,0.7022300271731573,0.0,0.0,,
2,122,2,0.8202461846206732,0.0,0.0,,,,,
3,187,3,0.7147376120243917,0.0,0.0,,,,,
4,260,4,0.5132041023842855,0.0,0.0,,,,,
5,317,5,0.6614254942515254,0.0,0.0,,,,,
6,430,6,0.30089442878327516,0.0,0.0,,,,,
7,535,7,0.2505480936373939,0.0,0.0,,,,,
8,648,8,0.2359879792384215,0.0,0.0,,,,,
9,769,9,0.11870902310645516,0.0,0.3333333333333333,0.25019082643433643,0.0,0.5,,
10,834,10,0.090004551494294,1.0,1.0,,,,,
11,923,11,0.1066385273557601,0.0,0.5,,,,,
12,1044,12,0.0791743338482144,0.0,0.5,,,,,
13,1149,13,0.07238798258174658,0.0,0.6666666666666666,,,,,
14,1254,14,0.10525805815794646,0.0,0.6666666666666666,,,,,
15,1375,15,0.05078786346331859,0.0,0.6666666666666666,,,,,
16,1416,16,0.11015936837240588,0.0,0.5,,,,,
17,1465,17,0.14020282169478981,0.0,0.5,0.1455118301469234,0.0,0.5,,
18,1594,18,0.04725433041962788,0.0,0.5,,,,,
19,1667,19,0.07334237296263582,0.0,0.6666666666666666,,,,,
20,1740,20,0.0656471331369701,0.0,0.6666666666666666,,,,,
21,1853,21,0.045008134981336684,0.0,0.6666666666666666,,,,,
22,1974,22,0.038155346952359344,0.0,0.5,,,,,
23,2087,23,0.041697336841940075,1.0,1.0,,,,,
24,2200,24,0.06044656370816352,0.0,0.5,,,,,
25,2265,25,0.075598907169624,0.0,0.5,0.04642070557238185,0.0,0.6666666666666666,,
26,2770,26,0.050359226449352076,0.0,0.5,,,,,
27,2883,27,0.03792199482205823,1.0,1.0,,,,,
28,2988,28,0.03515351916734989,1.0,1.0,,,,,
29,3101,29,0.03340456001190822,1.0,1.0,,,,,
30,3198,30,0.0379177852277644,1.0,1.0,,,,,
31,3247,31,0.23825293389304228,0.0,0.5,,,,,
32,3312,32,0.03789430585653463,1.0,1.0,,,,,
33,3433,33,0.0782996178677228,0.0,0.6666666666666666,0.08551886562642175,0.0,0.6666666666666666,,
34,3562,34,0.07258427123520961,0.0,0.6666666666666666,,,,,
35,3651,35,0.08187344767637446,0.0,0.6666666666666666,,,,,
36,3716,36,0.03831207243834797,1.0,1.0,,,,,
37,3789,37,0.06175140772703647,0.0,0.6666666666666666,,,,,
38,3926,38,0.04033011905783925,0.0,0.6666666666666666,,,,,
39,4063,39,0.03702082578660927,1.0,1.0,,,,,
40,4120,40,0.10095125794826473,0.0,0.5,,,,,
41,4177,41,0.04115432652495136,1.0,1.0,0.036034483319048634,1.0,1.0,,
42,4306,42,0.05495009888836649,0.0,0.5,,,,,
43,4427,43,0.022557042321927536,1.0,1.0,,,,,
44,4492,44,0.03349556097342429,1.0,1.0,,,,,
45,4573,45,0.0297730661968526,1.0,1.0,,,,,
46,4686,46,0.05854079109931652,0.0,0.5,,,,,
47,4751,47,0.06811034981215926,0.0,0.5,,,,,
48,4808,48,0.06451033423837672,0.0,0.5,,,,,
49,4945,49,0.08619893201715861,0.0,0.5,0.029057162136450647,1.0,1.0,,
50,4978,50,0.10638949778745882,0.0,0.6666666666666666,,,,,
51,5083,51,0.034700915974983496,0.0,0.6666666666666666,,,,,
52,5132,52,0.08510589867083279,0.0,0.6666666666666666,,,,,
53,5245,53,0.04480317693665191,0.0,0.6666666666666666,,,,,
54,5350,54,0.043026440201569,0.0,0.6666666666666666,,,,,
55,5471,55,0.03210092184583967,1.0,1.0,,,,,
56,5576,56,0.020980503129271365,1.0,1.0,,,,,
57,5633,57,0.031108041128692483,1.0,1.0,0.049338841985257155,0.0,0.5,,
58,5754,58,0.0650778091745451,0.0,0.5,,,,,
59,5819,59,0.0286650364320667,1.0,1.0,,,,,
60,5972,60,0.05119155812594966,0.0,0.5,,,,,
61,6037,61,0.027729669425498284,1.0,1.0,,,,,
62,6158,62,0.06986576236671924,0.0,0.5,,,,,
63,6215,63,0.023745401853105117,1.0,1.0,,,,,
64,6320,64,0.020579469121025446,1.0,1.0,,,,,
65,6433,65,0.030594850468249724,1.0,1.0,0.026248641019797105,1.0,1.0,,
66,6554,66,0.04901587819453562,0.0,0.5,,,,,
67,6611,67,0.04144201749492951,1.0,1.0,,,,,
68,6724,68,0.0706232400611043,0.0,0.5,,,,,
69,6805,69,0.057083800403401254,0.0,0.5,,,,,
70,6894,70,0.03230436339762739,1.0,1.0,,,,,
71,7023,71,0.03292934867651638,0.0,0.6666666666666666,,,,,
72,7136,72,0.04741090555729897,0.0,0.6666666666666666,,,,,
73,7193,73,0.03983893314110381,1.0,1.0,0.03597985615759171,1.0,1.0,,
74,7242,74,0.06634307140988918,0.0,0.5,,,,,
75,7299,75,0.04570086450883537,1.0,1.0,,,,,
76,7356,76,0.04359194494265207,1.0,1.0,,,,,
77,7461,77,0.03887328562520382,1.0,1.0,,,,,
78,7526,78,0.07983763513169834,0.0,0.5,,,,,
79,7591,79,0.05183095983506064,0.0,0.5,,,,,
80,7688,80,0.03689146563200969,1.0,1.0,,,,,
81,7745,81,0.06188578289849309,0.0,0.5,0.033348901115407774,0.0,0.5,,
82,7858,82,0.03700564245786933,0.0,0.6666666666666666,,,,,
83,7963,83,0.03359495816622467,1.0,1.0,,,,,
84,8028,84,0.0701148347936396,0.0,0.6666666666666666,,,,,
85,8125,85,0.05071365027856396,0.0,0.6666666666666666,,,,,
86,8246,86,0.03396236511634198,1.0,1.0,,,,,
87,8303,87,0.027047515845292112,1.0,1.0,,,,,
88,8424,88,0.058336241499501444,0.0,0.5,,,,,
89,8513,89,0.03239249275133426,1.0,1.0,0.04512947787776404,0.0,0.5,,
90,8570,90,0.07799182463167068,0.0,0.5,,,,,
91,8675,91,0.017553145199887626,1.0,1.0,,,,,
92,8740,92,0.05921247143427536,0.0,0.5,,,,,
93,8861,93,0.04051607775110945,0.0,0.5,,,,,
94,8998,94,0.028565087980414853,1.0,1.0,,,,,
95,9095,95,0.04175874055839813,0.0,0.6666666666666666,,,,,
96,9336,96,0.028978233998964698,0.0,0.6666666666666666,,,,,
97,9433,97,0.03711287227207018,1.0,1.0,0.05862962846112038,0.0,0.5,,
98,9514,98,0.050169386644600314,0.0,0.6666666666666666,,,,,
99,9563,99,0.026252469846125073,1.0,1.0,,,,,
100,9620,100,0.16607343462112892,0.0,0.5,,,,,
101,9725,101,0.03445696541405946,1.0,1.0,,,,,
102,9862,102,0.03732901312333792,0.0,0.6666666666666666,,,,,
103,9967,103,0.03880541965319516,0.0,0.6666666666666666,,,,,
104,10080,104,0.03860882831150125,1.0,1.0,,,,,
105,10145,105,0.046607865461501204,0.0,0.6666666666666666,0.03322809530178627,1.0,1.0,,
106,10210,106,0.0345458278607498,1.0,1.0,,,,,
107,10275,107,0.10200252637720951,0.0,0.5,,,,,
108,10332,108,0.02784008290245505,1.0,1.0,,,,,
109,10437,109,0.05919641923569054,0.0,0.5,,,,,
110,10486,110,0.03127520688950123,1.0,1.0,,,,,
111,10543,111,0.10540094658649259,0.0,0.5,,,,,
112,10656,112,0.03122808939952457,1.0,1.0,,,,,
113,10713,113,0.09368835547722744,0.0,0.5,0.03032801982952606,1.0,1.0,,
114,10818,114,0.02451725982596355,1.0,1.0,,,,,
115,10939,115,0.029819611433917696,1.0,1.0,,,,,
116,10988,116,0.06273843073674167,0.0,0.5,,,,,
117,11101,117,0.03229962834304128,0.0,0.5,,,,,
118,11214,118,0.044066457581841724,0.0,0.5,,,,,
119,11287,119,0.038575469584272166,0.0,0.6666666666666666,,,,,
120,11336,120,0.06330161356910441,0.0,0.6666666666666666,,,,,
121,11409,121,0.05006982174022899,0.0,0.6666666666666666,0.05884567460885592,0.0,0.6666666666666666,,
122,11530,122,0.031715826717460004,0.0,0.6666666666666666,,,,,
123,11579,123,0.05219212396481452,0.0,0.6666666666666666,,,,,
124,11660,124,0.03371381295861283,1.0,1.0,,,,,
125,11733,125,0.03659903540630088,1.0,1.0,,,,,
126,11782,126,0.03461661412865699,1.0,1.0,,,,,
127,12007,127,0.02369173818101574,1.0,1.0,,,,,
128,12072,128,0.022512924021839353,1.0,1.0,,,,,
129,12185,129,0.059786543646189,0.0,0.5,0.10141133705626544,0.0,0.5,,
130,12250,130,0.032794820503258965,1.0,1.0,,,,,
131,12291,131,0.028993395984434758,1.0,1.0,,,,,
132,12356,132,0.133644377188989,0.0,0.5,,,,,
133,12469,133,0.07825542593310403,0.0,0.5,,,,,
134,12574,134,0.033113904883959135,1.0,1.0,,,,,
135,12639,135,0.0827931096001066,0.0,0.5,,,,,
136,12752,136,0.06053524876295341,0.0,0.5,,,,,
137,12801,137,0.025541746555506204,1.0,1.0,0.058221568961092166,0.0,0.5,,
138,12930,138,0.030101195449109355,1.0,1.0,,,,,
139,13043,139,0.027969423086443776,1.0,1.0,,,,,
140,13116,140,0.05014999858056802,0.0,0.5,,,,,
141,13181,141,0.0410173651608352,1.0,1.0,,,,,
142,13238,142,0.036584745053837,1.0,1.0,,,,,
143,13295,143,0.041745413171063,0.0,0.6666666666666666,,,,,
144,13416,144,0.04601636576263264,0.0,0.5,,,,,
145,13489,145,0.03507000786761232,1.0,1.0,0.03269983353797094,1.0,1.0,,
146,13602,146,0.03423170481806145,1.0,1.0,,,,,
147,13715,147,0.03018863236670638,1.0,1.0,,,,,
148,13828,148,0.041437075183158804,0.0,0.5,,,,,
149,13957,149,0.020127929530394793,1.0,1.0,,,,,
150,14014,150,0.03158552099924626,1.0,1.0,,,,,
151,14127,151,0.04322380643886211,0.0,0.5,,,,,
152,14240,152,0.02646791246596747,1.0,1.0,,,,,
153,14289,153,0.07614915361826964,0.0,0.5,0.02654987277015607,1.0,1.0,,
154,14418,154,0.0325558581969699,1.0,1.0,,,,,
155,14475,155,0.03790889770706664,1.0,1.0,,,,,
156,14532,156,0.05011383592828809,0.0,0.5,,,,,
157,14605,157,0.03441210144854671,1.0,1.0,,,,,
158,14718,158,0.028745104189048496,1.0,1.0,,,,,
159,14783,159,0.032273361311612805,1.0,1.0,,,,,
160,14896,160,0.03483903166877489,1.0,1.0,,,,,
161,15017,161,0.03281386317403698,1.0,1.0,0.033695697708819645,1.0,1.0,,
162,15138,162,0.028725907490776685,0.0,0.5,,,,,
163,15187,163,0.08066151682678083,0.0,0.5,,,,,
164,15252,164,0.031632289948220205,0.0,0.5,,,,,
165,15365,165,0.02784694326651837,1.0,1.0,,,,,
166,15430,166,0.04194008928843232,0.0,0.5,,,,,
167,15487,167,0.06181690401274473,0.0,0.5,,,,,
168,15608,168,0.04112117015408331,0.0,0.6666666666666666,,,,,
169,15705,169,0.037913968018623526,1.0,1.0,0.026084684767463062,1.0,1.0,,
170,15770,170,0.028601098677329448,1.0,1.0,,,,,
171,15827,171,0.09430781124483652,0.0,0.6666666666666666,,,,,
172,15940,172,0.047572342390666496,0.0,0.6666666666666666,,,,,
173,16013,173,0.033202960798239214,1.0,1.0,,,,,
174,16126,174,0.038439632380319604,0.0,0.6666666666666666,,,,,
175,16247,175,0.031699261676782345,1.0,1.0,,,,,
176,16368,176,0.03801391686997643,0.0,0.5,,,,,
177,16497,177,0.06244558031966051,0.0,0.5,0.03399757797494264,1.0,1.0,,
178,16618,178,0.03506930835878852,1.0,1.0,,,,,
179,16683,179,0.027884540997331442,1.0,1.0,,,,,
180,16812,180,0.02441173700335554,1.0,1.0,,,,,
181,16893,181,0.035563661725354904,1.0,1.0,,,,,
182,17006,182,0.03386971232755473,1.0,1.0,,,,,
183,17079,183,0.037716606734869755,0.0,0.5,,,,,
184,17144,184,0.02759977780099689,1.0,1.0,,,,,
185,17265,185,0.05134798679846358,0.0,0.6666666666666666,0.02031557563292215,0.0,0.6666666666666666,,
186,17386,186,0.02193077310940983,1.0,1.0,,,,,
187,17499,187,0.03825505629304083,0.0,0.6666666666666666,,,,,
188,17572,188,0.042906565237196145,0.0,0.6666666666666666,,,,,
189,17669,189,0.030744014606791742,1.0,1.0,,,,,
190,17734,190,0.031354735703735065,1.0,1.0,,,,,
191,17871,191,0.03287144708385399,0.0,0.6666666666666666,,,,,
192,18000,192,0.031095934465173086,0.0,0.6666666666666666,,,,,
193,18049,193,0.0421692484780624,0.0,0.6666666666666666,0.07402889926278779,0.0,0.5,,
194,18162,194,0.024183312866032907,1.0,1.0,,,,,
195,18211,195,0.041858859960638026,1.0,1.0,,,,,
196,18284,196,0.03544751937022252,1.0,1.0,,,,,
197,18405,197,0.02397696097199256,1.0,1.0,,,,,
198,18510,198,0.024723964277485758,1.0,1.0,,,,,
199,18583,199,0.072276585124464,0.0,0.5,,,,,
200,18632,200,0.0196114238659725,1.0,1.0,,,,,
201,18673,201,0.024774786365532805,1.0,1.0,0.06562999046535373,0.0,0.5,,
202,18778,202,0.020377299693640903,1.0,1.0,,,,,
203,18843,203,0.027320126388759008,1.0,1.0,,,,,
204,18916,204,0.02608677738735632,1.0,1.0,,,,,
205,19029,205,0.08620902807823164,0.0,0.5,,,,,
206,19094,206,0.02325989919808354,1.0,1.0,,,,,
207,19215,207,0.023904972570217807,1.0,1.0,,,,,
208,19304,208,0.0835240647391461,0.0,0.5,,,,,
209,19353,209,0.03095730482858603,1.0,1.0,0.024665535353952085,1.0,1.0,,
210,19410,210,0.12093805250802948,0.0,0.5,,,,,
211,19491,211,0.03299386004838061,1.0,1.0,,,,,
212,19556,212,0.023578649802467738,1.0,1.0,,,,,
213,19605,213,0.026317585505038703,1.0,1.0,,,,,
214,19678,214,0.038986095195568345,0.0,0.5,,,,,
215,19775,215,0.033539466594823465,1.0,1.0,,,,,
216,19840,216,0.0354626188296993,1.0,1.0,,,,,
217,19905,217,0.05850106227368542,0.0,0.5,0.03456866243017278,1.0,1.0,,
218,20002,218,0.047276902051396896,1.0,1.0,,,,,
219,20107,219,0.036697884886833405,0.0,0.5,,,,,
220,20228,220,0.029097600009225365,1.0,1.0,,,,,
221,20301,221,0.03452262968122038,1.0,1.0,,,,,
222,20366,222,0.040290003409440944,1.0,1.0,,,,,
223,20503,223,0.026053693696973607,1.0,1.0,,,,,
224,20536,224,0.06193887315145276,0.0,0.5,,,,,
225,20649,225,0.03937483561283508,0.0,0.6666666666666666,0.03907362390827612,0.0,0.6666666666666666,,
226,20722,226,0.0517065000927505,0.0,0.6666666666666666,,,,,
227,20787,227,0.05602583491040264,0.0,0.5,,,,,
228,20852,228,0.029174524236920546,1.0,1.0,,,,,
229,20909,229,0.06016068397714012,0.0,0.5,,,,,
230,21006,230,0.03193956176118415,1.0,1.0,,,,,
231,21103,231,0.024039927519897898,1.0,1.0,,,,,
232,21232,232,0.024406448796372618,1.0,1.0,,,,,
233,21297,233,0.03936258202760484,0.0,0.6666666666666666,0.040495285623349316,0.0,0.5,,
234,21418,234,0.03452463017992432,0.0,0.5,,,,,
235,21483,235,0.04405084701738815,0.0,0.5,,,,,
236,21548,236,0.049368692417826876,0.0,0.6666666666666666,,,,,
237,21661,237,0.038971546937244896,0.0,0.5,,,,,
238,21774,238,0.04614225463429778,0.0,0.5,,,,,
239,21831,239,0.047185079815408246,0.0,0.6666666666666666,,,,,
240,21904,240,0.03830237851784154,0.0,0.5,,,,,
241,21985,241,0.029972685358145096,1.0,1.0,0.051033077339353444,0.0,0.6666666666666666,,
242,22050,242,0.0423480166083948,0.0,0.5,,,,,
243,22187,243,0.027491369234703862,1.0,1.0,,,,,
244,22244,244,0.02989677869561676,1.0,1.0,,,,,
245,22357,245,0.02438999247362334,1.0,1.0,,,,,
246,22406,246,0.045863800029247836,0.0,0.6666666666666666,,,,,
247,22527,247,0.03323713332687248,1.0,1.0,,,,,
248,22600,248,0.026185238246399522,1.0,1.0,,,,,
249,22657,249,0.027612553005248758,1.0,1.0,0.038269707124429855,0.0,0.6666666666666666,,
250,22770,250,0.03218100802594457,0.0,0.6666666666666666,,,,,
251,22843,251,0.04603207564057906,0.0,0.6666666666666666,,,,,
252,22900,252,0.03558235540498296,0.0,0.6666666666666666,,,,,
253,23013,253,0.02602894067575826,1.0,1.0,,,,,
254,23142,254,0.022434567597983943,1.0,1.0,,,,,
255,23279,255,0.029889286967334026,1.0,1.0,,,,,
256,23352,256,0.029488321295736832,1.0,1.0,,,,,
257,23409,257,0.08123488656475893,0.0,0.5,0.03484411976449504,1.0,1.0,,
258,23482,258,0.05441117438329657,0.0,0.5,,,,,
259,23603,259,0.07458231623182077,0.0,0.5,,,,,
260,23724,260,0.021731100238973795,1.0,1.0,,,,,
261,23869,261,0.030066975444401966,0.0,0.5,,,,,
262,23918,262,0.021826842577480316,1.0,1.0,,,,,
263,24039,263,0.02746143671823341,0.0,0.5,,,,,
264,24104,264,0.026565897148715722,1.0,1.0,,,,,
265,24161,265,0.03404962470369485,1.0,1.0,0.06985184340880327,0.0,0.5,,
266,24274,266,0.04677316864474082,0.0,0.5,,,,,
267,24339,267,0.03151023760041141,1.0,1.0,,,,,
268,24388,268,0.043571998053365826,1.0,1.0,,,,,
269,24493,269,0.03498747153333336,0.0,0.6666666666666666,,,,,
270,24606,270,0.03716124714492519,0.0,0.6666666666666666,,,,,
271,24719,271,0.036200814245403126,1.0,1.0,,,,,
272,24776,272,0.031246442009280877,1.0,1.0,,,,,
273,24905,273,0.03945748978230229,0.0,0.6666666666666666,0.0452680522659326,0.0,0.6666666666666666,,
274,25010,274,0.03382377519445885,1.0,1.0,,,,,
275,25059,275,0.04712910854085063,0.0,0.6666666666666666,,,,,
276,25172,276,0.03872213097910835,0.0,0.5,,,,,
277,25245,277,0.03438710740082355,1.0,1.0,,,,,
278,25310,278,0.026887855142263464,1.0,1.0,,,,,
279,25415,279,0.02924778904210274,0.0,0.6666666666666666,,,,,
280,25528,280,0.033015859216106225,0.0,0.5,,,,,
281,25641,281,0.026102926769595497,1.0,1.0,0.03211796580660361,1.0,1.0,,
282,25706,282,0.04577970442889545,0.0,0.5,,,,,
283,25803,283,0.025051869189591226,1.0,1.0,,,,,
284,25876,284,0.05376104868863323,0.0,0.5,,,,,
285,25981,285,0.045513003638857866,0.0,0.5,,,,,
286,26046,286,0.0245607557449092,1.0,1.0,,,,,
287,26167,287,0.028650233800119388,1.0,1.0,,,,,
288,26232,288,0.03467544238953295,1.0,1.0,,,,,
289,26305,289,0.02576699063677305,1.0,1.0,0.0743822502946219,0.0,0.6666666666666666,,
290,26354,290,0.030743421936466526,1.0,1.0,,,,,
291,26411,291,0.023919349250996414,1.0,1.0,,,,,
292,26500,292,0.03551146439234776,1.0,1.0,,,,,
293,26581,293,0.03660341499892209,0.0,0.5,,,,,
294,26694,294,0.05204824086975483,0.0,0.6666666666666666,,,,,
295,26751,295,0.05096126157654474,0.0,0.6666666666666666,,,,,
296,26864,296,0.025627966636481692,1.0,1.0,,,,,
297,26993,297,0.04463959184484942,0.0,0.5,0.0247124110745935,1.0,1.0,,
298,27042,298,0.024609521287765973,1.0,1.0,,,,,
299,27171,299,0.031864648009805555,1.0,1.0,,,,,
300,27236,300,0.017135495898040885,1.0,1.0,,,,,
301,27341,301,0.034083888074134955,1.0,1.0,,,,,
302,27398,302,0.0371637520868392,1.0,1.0,,,,,
303,27463,303,0.03671315324818352,1.0,1.0,,,,,
304,27600,304,0.02599049626749711,0.0,0.5,,,,,
305,27673,305,0.023808765146622415,1.0,1.0,0.028891279921583208,1.0,1.0,,
306,27722,306,0.03129873911253146,1.0,1.0,,,,,
307,27795,307,0.021381261624969422,1.0,1.0,,,,,
308,27916,308,0.026936174690981567,1.0,1.0,,,,,
309,27965,309,0.131584933965244,0.0,0.5,,,,,
310,28094,310,0.029494967459988503,1.0,1.0,,,,,
311,28151,311,0.08104753023481294,0.0,0.5,,,,,
312,28208,312,0.09796390492687879,0.0,0.5,,,,,
313,28377,313,0.03315669121025643,1.0,1.0,0.02856661630716455,1.0,1.0,,
314,28506,314,0.027512205797303436,1.0,1.0,,,,,
315,28627,315,0.02990841613212319,0.0,0.5,,,,,
316,28732,316,0.025416160633442184,0.0,0.6666666666666666,,,,,
317,28861,317,0.024739317613572603,1.0,1.0,,,,,
318,28918,318,0.05722100184863045,0.0,0.6666666666666666,,,,,
319,29015,319,0.024053236219581137,1.0,1.0,,,,,
320,29056,320,0.03512158993294064,1.0,1.0,,,,,
321,29161,321,0.06556422762786294,0.0,0.5,0.0533461619609404,0.0,0.6666666666666666,,
322,29210,322,0.03120724552450175,1.0,1.0,,,,,
323,29267,323,0.023005244225618882,1.0,1.0,,,,,
324,29316,324,0.025951099069661535,1.0,1.0,,,,,
325,29437,325,0.04799443651807879,0.0,0.6666666666666666,,,,,
326,29494,326,0.04829844127813771,1.0,1.0,,,,,
327,29615,327,0.032015740061919436,0.0,0.6666666666666666,,,,,
328,29744,328,0.02250392329699096,0.0,0.6666666666666666,,,,,
329,29865,329,0.037162321954109304,1.0,1.0,0.029058555908442543,1.0,1.0,,
330,30002,330,0.026036989409745217,1.0,1.0,,,,,
331,30059,331,0.033186165652828094,0.0,0.6666666666666666,,,,,
332,30172,332,0.032657150747055545,0.0,0.5,,,,,
333,30237,333,0.028037675860355764,1.0,1.0,,,,,
334,30350,334,0.03249874426270553,0.0,0.6666666666666666,,,,,
335,30463,335,0.04761768801628835,0.0,0.5,,,,,
336,30520,336,0.028533524678170708,1.0,1.0,,,,,
337,30641,337,0.022351962450541826,1.0,1.0,0.028247389682231998,1.0,1.0,,
338,30762,338,0.027840158820193514,1.0,1.0,,,,,
339,30819,339,0.052662596267282424,0.0,0.5,,,,,
340,30892,340,0.028858641637639765,1.0,1.0,,,,,
341,30957,341,0.03573799606120133,0.0,0.5,,,,,
342,31014,342,0.039423472430224656,0.0,0.5,,,,,
343,31143,343,0.027902105071404365,1.0,1.0,,,,,
344,31200,344,0.10235377125195716,0.0,0.5,,,,,
345,31305,345,0.038338069707130516,1.0,1.0,0.022450852258233938,1.0,1.0,,
346,31394,346,0.03265725276588393,1.0,1.0,,,,,
347,31451,347,0.029701759596082407,1.0,1.0,,,,,
348,31580,348,0.02458257651476167,1.0,1.0,,,,,
349,31685,349,0.029265538701059593,1.0,1.0,,,,,
350,31734,350,0.058062287114891545,0.0,0.6666666666666666,,,,,
351,31855,351,0.045068821725110786,0.0,0.6666666666666666,,,,,
352,31960,352,0.028582956951852954,1.0,1.0,,,,,
353,32057,353,0.022519610001898324,1.0,1.0,0.029609087276429216,1.0,1.0,,
354,32178,354,0.0337081315400798,1.0,1.0,,,,,
355,32283,355,0.04128066614342498,1.0,1.0,,,,,
356,32348,356,0.02575399947851878,1.0,1.0,,,,,
357,32469,357,0.03251753945150043,1.0,1.0,,,,,
358,32574,358,0.02645199501482462,1.0,1.0,,,,,
359,32639,359,0.03373539390229233,1.0,1.0,,,,,
360,32760,360,0.025446639599241812,1.0,1.0,,,,,
361,32817,361,0.08406692493941502,0.0,0.6666666666666666,0.025725790558481947,1.0,1.0,,
362,32882,362,0.03222828252837416,1.0,1.0,,,,,
363,32947,363,0.0440499169966035,0.0,0.6666666666666666,,,,,
364,33012,364,0.03986658901356755,1.0,1.0,,,,,
365,33061,365,0.041645360594069224,0.0,0.6666666666666666,,,,,
366,33174,366,0.023975423573510363,1.0,1.0,,,,,
367,33287,367,0.025657579102501216,1.0,1.0,,,,,
368,33352,368,0.02081604864072048,1.0,1.0,,,,,
369,33401,369,0.06817996063623695,0.0,0.5,0.02682052713211419,1.0,1.0,,
370,33514,370,0.021319114480791004,1.0,1.0,,,,,
371,33611,371,0.019564983682370588,1.0,1.0,,,,,
372,33684,372,0.03570564950170062,0.0,0.6666666666666666,,,,,
373,33805,373,0.017061021498565806,1.0,1.0,,,,,
374,34470,374,0.0267640371337176,1.0,1.0,,,,,
375,34511,375,0.0868795216183123,0.0,0.5,,,,,
376,34560,376,0.033142382706694014,1.0,1.0,,,,,
377,34673,377,0.023827997531281703,1.0,1.0,0.06578853750907845,0.0,0.5,,
378,34722,378,0.02515042096545452,1.0,1.0,,,,,
379,34795,379,0.025526862672196428,1.0,1.0,,,,,
380,34884,380,0.029169724821892947,1.0,1.0,,,,,
381,34949,381,0.028226131485393754,1.0,1.0,,,,,
382,35014,382,0.041430085697479635,0.0,0.5,,,,,
383,35151,383,0.05509353362110981,0.0,0.5,,,,,
384,35264,384,0.04862949759999732,0.0,0.5,,,,,
385,35321,385,0.07855602608676203,0.0,0.5,0.03750388581100841,0.0,0.5,,
386,35370,386,0.027349711059910832,1.0,1.0,,,,,
387,35467,387,0.055877479295244316,0.0,0.5,,,,,
388,35580,388,0.02532505598869627,1.0,1.0,,,,,
389,35637,389,0.030062418675314735,1.0,1.0,,,,,
390,35750,390,0.020539409626348322,1.0,1.0,,,,,
391,35879,391,0.030046294449345083,0.0,0.5,,,,,
392,36016,392,0.04422517332995919,0.0,0.5,,,,,
393,36073,393,0.04122906652565104,0.0,0.6666666666666666,0.041691220845666434,0.0,0.5,,
394,36130,394,0.04257094267761757,0.0,0.5,,,,,
395,36179,395,0.02276022391680262,1.0,1.0,,,,,
396,36236,396,0.027110439775319555,1.0,1.0,,,,,
397,36293,397,0.0471834257627758,0.0,0.6666666666666666,,,,,
398,36414,398,0.01869631444292054,1.0,1.0,,,,,
399,36471,399,0.03597282645980516,0.0,0.5,,,,,
400,36584,400,0.03213324648324593,1.0,1.0,,,,,
401,36705,401,0.026088525681575374,1.0,1.0,0.058987415290209386,0.0,0.6666666666666666,,
402,36762,402,0.027622854609605917,1.0,1.0,,,,,
403,36891,403,0.027975456547488467,1.0,1.0,,,,,
404,37004,404,0.033381612626642354,1.0,1.0,,,,,
405,37085,405,0.08622156232750776,0.0,0.6666666666666666,,,,,
406,37198,406,0.05287631868158208,0.0,0.6666666666666666,,,,,
407,37247,407,0.06222614622143595,0.0,0.6666666666666666,,,,,
408,37288,408,0.020583883740580636,1.0,1.0,,,,,
409,37425,409,0.026756025502279967,0.0,0.6666666666666666,0.041425934788631415,0.0,0.5,,
410,37474,410,0.04354410772559579,1.0,1.0,,,,,
411,37523,411,0.027300863705407893,1.0,1.0,,,,,
412,37580,412,0.021903400340045898,1.0,1.0,,,,,
413,37645,413,0.028254640452836384,1.0,1.0,,,,,
414,37758,414,0.032679619260039455,0.0,0.6666666666666666,,,,,
415,37823,415,0.01992373189529758,1.0,1.0,,,,,
416,37928,416,0.06458572243079912,0.0,0.5,,,,,
417,38041,417,0.02338308399040926,1.0,1.0,0.03512600535744639,1.0,1.0,,
418,38090,418,0.02033855556705475,1.0,1.0,,,,,
419,38203,419,0.022680008502608352,1.0,1.0,,,,,
420,38268,420,0.01747717160272753,1.0,1.0,,,,,
421,38389,421,0.04562926406355507,0.0,0.5,,,,,
422,38494,422,0.0329601066437436,0.0,0.5,,,,,
423,38623,423,0.017422662428738817,1.0,1.0,,,,,
424,38736,424,0.043155400967986327,0.0,0.5,,,,,
425,38865,425,0.019165625916085508,1.0,1.0,0.02730015772643873,1.0,1.0,,
426,38994,426,0.02085032711581917,1.0,1.0,,,,,
427,39051,427,0.02007774781262104,1.0,1.0,,,,,
428,39116,428,0.08153985396618582,0.0,0.5,,,,,
429,39229,429,0.044209664688076813,0.0,0.5,,,,,
430,39350,430,0.02521454607383983,1.0,1.0,,,,,
431,39415,431,0.03349036135510644,1.0,1.0,,,,,
432,39472,432,0.06151949964567986,0.0,0.5,,,,,
433,39529,433,0.03319364013375937,1.0,1.0,0.02681270038236034,1.0,1.0,,
434,39650,434,0.030023683397770545,0.0,0.5,,,,,
435,39771,435,0.03004515162428091,1.0,1.0,,,,,
436,39868,436,0.07254392906296488,0.0,0.5,,,,,
437,39949,437,0.03995067700014375,0.0,0.6666666666666666,,,,,
438,40078,438,0.028156959448232828,1.0,1.0,,,,,
439,40191,439,0.02892207473999357,1.0,1.0,,,,,
440,40296,440,0.03331474600635794,1.0,1.0,,,,,
441,40425,441,0.024875854743904142,1.0,1.0,0.03208350604037588,1.0,1.0,,
442,40482,442,0.05001204929503047,0.0,0.6666666666666666,,,,,
443,40595,443,0.025756504964961582,1.0,1.0,,,,,
444,40708,444,0.024695715901675123,1.0,1.0,,,,,
445,40789,445,0.026037811266486646,1.0,1.0,,,,,
446,40910,446,0.02980714382075545,1.0,1.0,,,,,
447,40967,447,0.025090170569298333,1.0,1.0,,,,,
448,41008,448,0.02882818226377822,1.0,1.0,,,,,
449,41113,449,0.020709802296471437,1.0,1.0,0.03413701330518166,1.0,1.0,,
450,41178,450,0.08072219179007846,0.0,0.5,,,,,
451,41235,451,0.02335806940791761,1.0,1.0,,,,,
452,41292,452,0.02861724312906923,1.0,1.0,,,,,
453,41357,453,0.07384157024927902,0.0,0.5,,,,,
454,41414,454,0.0744539605041119,0.0,0.5,,,,,
455,41471,455,0.03636691492696562,1.0,1.0,,,,,
456,41608,456,0.028752672789772154,1.0,1.0,,,,,
457,41665,457,0.018092256594556735,1.0,1.0,0.028902754119879488,1.0,1.0,,
458,41794,458,0.02551925216369426,1.0,1.0,,,,,
459,41891,459,0.05006735766846513,0.0,0.5,,,,,
460,41948,460,0.023053636981302483,1.0,1.0,,,,,
461,42205,461,0.02407507028798349,1.0,1.0,,,,,
462,42318,462,0.04313124579996725,0.0,0.5,,,,,
463,42455,463,0.046039648721101084,0.0,0.5,,,,,
464,42560,464,0.029289684186067137,1.0,1.0,,,,,
465,42649,465,0.023726227574495214,1.0,1.0,0.029642241312488694,1.0,1.0,,
466,42698,466,0.0428662285237755,0.0,0.5,,,,,
467,42779,467,0.027325559261242024,1.0,1.0,,,,,
468,42844,468,0.03498142672950877,0.0,0.6666666666666666,,,,,
469,42925,469,0.03506023006473538,0.0,0.6666666666666666,,,,,
470,43030,470,0.030230794625814676,1.0,1.0,,,,,
471,43095,471,0.032708604431601035,0.0,0.5,,,,,
472,43208,472,0.040431189650915814,0.0,0.5,,,,,
473,43257,473,0.03185116889513513,1.0,1.0,0.02860871131245328,1.0,1.0,,
474,43322,474,0.0330615745300261,1.0,1.0,,,,,
475,43387,475,0.02722668143559176,1.0,1.0,,,,,
476,43460,476,0.03786612619083724,0.0,0.6666666666666666,,,,,
477,43501,477,0.04431762429562355,0.0,0.6666666666666666,,,,,
478,43558,478,0.025981756687038213,1.0,1.0,,,,,
479,43631,479,0.0351704581122094,1.0,1.0,,,,,
480,43736,480,0.02706995339264644,1.0,1.0,,,,,
481,43809,481,0.031386385803572996,1.0,1.0,0.0232059376168435,1.0,1.0,,
482,43874,482,0.025221004913768184,1.0,1.0,,,,,
483,43979,483,0.04000035341797269,0.0,0.6666666666666666,,,,,
484,44108,484,0.03273150778542231,1.0,1.0,,,,,
485,44165,485,0.03826135621623239,1.0,1.0,,,,,
486,44286,486,0.021012878859270057,1.0,1.0,,,,,
487,44351,487,0.04394360997602774,0.0,0.5,,,,,
488,44472,488,0.0269388726524348,1.0,1.0,,,,,
489,44529,489,0.021326022626002583,1.0,1.0,0.02066073808627232,1.0,1.0,,
490,44602,490,0.03454219341475992,0.0,0.5,,,,,
491,44731,491,0.022995663954458963,0.0,0.6666666666666666,,,,,
492,44796,492,0.02749784265617592,1.0,1.0,,,,,
493,44909,493,0.02589543797645417,1.0,1.0,,,,,
494,45006,494,0.030484235854596968,1.0,1.0,,,,,
495,45151,495,0.0353794903247366,0.0,0.5,,,,,
496,45264,496,0.025834074456183444,1.0,1.0,,,,,
497,45369,497,0.03837795863480621,0.0,0.6666666666666666,0.03128376809465344,1.0,1.0,,
498,45426,498,0.06155755983923021,0.0,0.5,,,,,
499,45483,499,0.031688118808134665,1.0,1.0,,,,,
500,45596,500,0.028879358961456124,1.0,1.0,,,,,
501,45709,501,0.021628357955011668,1.0,1.0,,,,,
502,45766,502,0.028811705109463574,1.0,1.0,,,,,
503,45871,503,0.031176140419824278,0.0,0.6666666666666666,,,,,
504,45976,504,0.05190864843658347,0.0,0.6666666666666666,,,,,
505,46049,505,0.038794084069314116,1.0,1.0,0.04294482126167428,0.0,0.5,,
506,46162,506,0.035248183927615376,1.0,1.0,,,,,
507,46267,507,0.018256386779786794,1.0,1.0,,,,,
508,46380,508,0.025668302778404633,1.0,1.0,,,,,
509,47349,509,0.022865826310858567,1.0,1.0,,,,,
510,47414,510,0.03740859980376783,0.0,0.5,,,,,
511,47471,511,0.05023302284104488,0.0,0.5,,,,,
512,47584,512,0.046905172220572555,0.0,0.5,,,,,
513,47689,513,0.02856635485322998,1.0,1.0,0.022906301334528402,1.0,1.0,,
514,47818,514,0.03370172186735559,0.0,0.6666666666666666,,,,,
515,47867,515,0.05992706321744388,0.0,0.5,,,,,
516,47980,516,0.034371649490127366,1.0,1.0,,,,,
517,48085,517,0.03315682619784009,0.0,0.6666666666666666,,,,,
518,48214,518,0.03513539584427093,0.0,0.6666666666666666,,,,,
519,48335,519,0.03508114869428513,0.0,0.6666666666666666,,,,,
520,48400,520,0.026492876009348833,1.0,1.0,,,,,
521,48465,521,0.031681346894992406,1.0,1.0,0.029908633384144567,1.0,1.0,,
522,48514,522,0.01987291664398583,1.0,1.0,,,,,
523,48635,523,0.03101523994106538,1.0,1.0,,,,,
524,48756,524,0.038437056098394505,0.0,0.6666666666666666,,,,,
525,48813,525,0.03218973586237098,1.0,1.0,,,,,
526,48934,526,0.026227309659041565,1.0,1.0,,,,,
527,49047,527,0.03383525527424743,0.0,0.5,,,,,
528,49112,528,0.03471849876479624,1.0,1.0,,,,,
529,49233,529,0.03626478379414198,0.0,0.6666666666666666,0.03357082827956887,1.0,1.0,,
530,49290,530,0.028241294186714432,1.0,1.0,,,,,
531,49347,531,0.03485385813372432,1.0,1.0,,,,,
532,49452,532,0.026145092754776358,1.0,1.0,,,,,
533,49573,533,0.02537468575156072,1.0,1.0,,,,,
534,49622,534,0.039016319909723055,0.0,0.6666666666666666,,,,,
535,49687,535,0.021375818200251473,1.0,1.0,,,,,
536,49744,536,0.08494422876471747,0.0,0.5,,,,,
537,49825,537,0.019816432740057965,1.0,1.0,0.03294576688993532,0.0,0.5,,
538,49946,538,0.03506365607310438,0.0,0.5,,,,,
539,50019,539,0.02051299962684475,1.0,1.0,,,,,
540,50124,540,0.039662896303984084,0.0,0.5,,,,,
541,50173,541,0.03914470710194564,1.0,1.0,,,,,
542,50214,542,0.021478945615198426,1.0,1.0,,,,,
543,50335,543,0.048002872190111553,0.0,0.5,,,,,
544,50440,544,0.03365281630283464,0.0,0.5,,,,,
545,50497,545,0.03930259302343269,0.0,0.5,0.020856395168940525,1.0,1.0,,
546,50554,546,0.05440307376732806,0.0,0.5,,,,,
547,50667,547,0.045581632697813776,0.0,0.5,,,,,
548,50780,548,0.0215058618271604,1.0,1.0,,,,,
549,50893,549,0.043594946828278164,0.0,0.5,,,,,
550,50950,550,0.0455642410995324,0.0,0.5,,,,,
551,51071,551,0.02487942619068724,1.0,1.0,,,,,
552,51184,552,0.04953283529140646,0.0,0.5,,,,0.6594203114509583,0.653092726671322
553,51305,553,0.01763237389415409,1.0,1.0,0.020970906235262796,1.0,1.0,,
554,51562,554,0.022757653473352096,1.0,1.0,,,,,
555,51683,555,0.025399043181250663,0.0,0.6666666666666666,,,,,
556,51812,556,0.031176268394614085,0.0,0.6666666666666666,,,,,
557,51901,557,0.030005352734175404,1.0,1.0,,,,,
558,51966,558,0.03247569619231598,1.0,1.0,,,,,
559,52079,559,0.03524023742047729,1.0,1.0,,,,,
560,52184,560,0.012069605326613643,1.0,1.0,,,,,
561,52289,561,0.032519695108113554,1.0,1.0,0.022501532979727498,1.0,1.0,,
562,52410,562,0.03006790608822499,0.0,0.6666666666666666,,,,,
563,52523,563,0.02662059887542207,1.0,1.0,,,,,
564,52588,564,0.03403493193269683,1.0,1.0,,,,,
565,52645,565,0.057985059454842315,0.0,0.6666666666666666,,,,,
566,52710,566,0.02033392467322258,1.0,1.0,,,,,
567,52823,567,0.02843495412050101,1.0,1.0,,,,,
568,52880,568,0.02403989978282652,1.0,1.0,,,,,
569,52993,569,0.03662343678928072,1.0,1.0,0.043996440283692095,0.0,0.5,,
570,53026,570,0.02985382648317483,1.0,1.0,,,,,
571,53163,571,0.04492014621547843,0.0,0.5,,,,,
572,53276,572,0.031181658457779718,1.0,1.0,,,,,
573,53413,573,0.02254263190677591,1.0,1.0,,,,,
574,53542,574,0.03192222817379033,0.0,0.5,,,,,
575,53599,575,0.026491546008627416,1.0,1.0,,,,,
576,53712,576,0.022695288144169906,1.0,1.0,,,,,
577,53753,577,0.0311749523873167,1.0,1.0,0.029451932794160234,1.0,1.0,,
578,53882,578,0.020033298959386558,1.0,1.0,,,,,
579,54003,579,0.01989257524300774,1.0,1.0,,,,,
580,54140,580,0.021669120520130095,1.0,1.0,,,,,
581,54237,581,0.02721390453553435,1.0,1.0,,,,,
582,54310,582,0.03277908081883829,1.0,1.0,,,,,
583,54351,583,0.046223675592291215,0.0,0.5,,,,,
584,54448,584,0.03235753785612492,1.0,1.0,,,,,
585,54505,585,0.03421774732094004,1.0,1.0,0.025312092980052776,1.0,1.0,,
586,54618,586,0.03454496177288068,0.0,0.6666666666666666,,,,,
587,54675,587,0.018558806675366326,1.0,1.0,,,,,
588,54780,588,0.06543930767373136,0.0,0.5,,,,,
589,54901,589,0.028399169232961107,1.0,1.0,,,,,
590,54966,590,0.025156081521241873,1.0,1.0,,,,,
591,55095,591,0.034743632315719246,1.0,1.0,,,,,
592,55208,592,0.02847200582088492,1.0,1.0,,,,,
593,55241,593,0.023753742435786904,1.0,1.0,0.03247445756311606,1.0,1.0,,
594,55346,594,0.03449693287764345,0.0,0.5,,,,,
595,55459,595,0.02607776528752524,1.0,1.0,,,,,
596,55532,596,0.02340895800811476,1.0,1.0,,,,,
597,55653,597,0.029920299905835994,1.0,1.0,,,,,
598,55702,598,0.016372297118832105,1.0,1.0,,,,,
599,55759,599,0.02490468765955679,1.0,1.0,,,,,
600,55816,600,0.02436275645767539,1.0,1.0,,,,,
601,55937,601,0.017859209907462398,1.0,1.0,0.032975532739914985,0.0,0.6666666666666666,,
602,56050,602,0.02738969565572265,1.0,1.0,,,,,
603,56115,603,0.03484575150456422,1.0,1.0,,,,,
604,56228,604,0.02361726920202658,1.0,1.0,,,,,
605,56301,605,0.026627352223597932,1.0,1.0,,,,,
606,56414,606,0.01989925340254944,1.0,1.0,,,,,
607,56479,607,0.030931569491977486,1.0,1.0,,,,,
608,56544,608,0.017418948878091322,1.0,1.0,,,,,
609,56665,609,0.03982776530637831,0.0,0.5,0.05414464380976856,0.0,0.6666666666666666,,
610,56714,610,0.03033068924805178,1.0,1.0,,,,,
611,56779,611,0.022317819413537165,1.0,1.0,,,,,
612,56844,612,0.026983504743289068,1.0,1.0,,,,,
613,56949,613,0.031031194651757063,1.0,1.0,,,,,
614,56998,614,0.06157324587085137,0.0,0.6666666666666666,,,,,
615,57103,615,0.01337216386099289,1.0,1.0,,,,,
616,57160,616,0.02541783268430452,1.0,1.0,,,,,
617,57273,617,0.030957766684673434,1.0,1.0,0.027331640505818218,1.0,1.0,,
618,57394,618,0.028004997328119466,1.0,1.0,,,,,
619,57507,619,0.03573028191387866,0.0,0.5,,,,,
620,57612,620,0.017501473853352267,1.0,1.0,,,,,
621,57677,621,0.029339791122979984,1.0,1.0,,,,,
622,57734,622,0.02950760703255566,1.0,1.0,,,,,
623,57791,623,0.021600769907429023,1.0,1.0,,,,,
624,57912,624,0.03413600797634156,0.0,0.5,,,,,
625,57969,625,0.04028810565233734,0.0,0.6666666666666666,0.027419487150477793,1.0,1.0,,
626,58026,626,0.03570936806257362,0.0,0.6666666666666666,,,,,
627,58091,627,0.03899004711428648,0.0,0.6666666666666666,,,,,
628,58204,628,0.02663259254619016,1.0,1.0,,,,,
629,58301,629,0.019359693421531834,1.0,1.0,,,,,
630,58374,630,0.029228325018391454,1.0,1.0,,,,,
631,58423,631,0.02416617793401258,1.0,1.0,,,,,
632,58544,632,0.02274972326058522,1.0,1.0,,,,,
633,58673,633,0.02320588323495926,1.0,1.0,0.03281984656119126,1.0,1.0,,
634,58738,634,0.04206888486289201,0.0,0.5,,,,,
635,58843,635,0.022719867086094275,1.0,1.0,,,,,
636,58956,636,0.04951865770010426,0.0,0.6666666666666666,,,,,
637,59021,637,0.02337864813981775,1.0,1.0,,,,,
638,59078,638,0.03242460031862474,1.0,1.0,,,,,
639,59143,639,0.03370115193122615,1.0,1.0,,,,,
640,59208,640,0.025888499839024914,1.0,1.0,,,,,
641,59321,641,0.02828562821798968,1.0,1.0,0.03216573076710555,1.0,1.0,,
642,59394,642,0.03887577018456108,0.0,0.5,,,,,
643,59491,643,0.03547750539335259,1.0,1.0,,,,,
644,59604,644,0.022258649119353473,1.0,1.0,,,,,
645,59717,645,0.032408747673509895,1.0,1.0,,,,,
646,59790,646,0.031498117487126866,1.0,1.0,,,,,
647,59855,647,0.023068992031620175,1.0,1.0,,,,,
648,59912,648,0.06790165328961503,0.0,0.5,,,,,
649,60049,649,0.024458488009478887,1.0,1.0,0.04172449799254255,0.0,0.5,,
650,60194,650,0.04398960475069296,0.0,0.5,,,,,
651,60315,651,0.03667679724080993,0.0,0.6666666666666666,,,,,
652,60444,652,0.025309532640834707,1.0,1.0,,,,,
653,60565,653,0.03287272506080683,1.0,1.0,,,,,
654,60638,654,0.024290559789926298,1.0,1.0,,,,,
655,60743,655,0.03877567004454626,0.0,0.5,,,,,
656,60880,656,0.02875535447357125,1.0,1.0,,,,,
657,60937,657,0.033252535333271625,1.0,1.0,0.1397789672301576,0.0,0.5,,
658,61002,658,0.03712019344022545,0.0,0.5,,,,,
659,61107,659,0.025080170488648548,1.0,1.0,,,,,
660,61212,660,0.012774654093049833,1.0,1.0,,,,,
661,61325,661,0.025733610980675652,1.0,1.0,,,,,
662,61374,662,0.020167037000394048,1.0,1.0,,,,,
663,61495,663,0.032409206146687894,0.0,0.6666666666666666,,,,,
664,61544,664,0.021459917509136707,1.0,1.0,,,,,
665,61601,665,0.02966847796722622,1.0,1.0,0.029505460860516267,1.0,1.0,,
666,61738,666,0.03341173723784254,0.0,0.6666666666666666,,,,,
667,61803,667,0.02043823893080015,1.0,1.0,,,,,
668,61876,668,0.01477624904902566,1.0,1.0,,,,,
669,61957,669,0.0265617508997157,1.0,1.0,,,,,
670,62070,670,0.03317682574641297,1.0,1.0,,,,,
671,62119,671,0.0205052516618716,1.0,1.0,,,,,
672,62240,672,0.028294571604827144,1.0,1.0,,,,,
673,62313,673,0.020718596711431725,1.0,1.0,0.02603389619811372,1.0,1.0,,
674,62442,674,0.0329011666009432,0.0,0.5,,,,,
675,62539,675,0.04437403693855785,1.0,1.0,,,,,
676,62652,676,0.028109752247232507,1.0,1.0,,,,,
677,62717,677,0.016866061447884516,1.0,1.0,,,,,
678,62814,678,0.024136982715051547,1.0,1.0,,,,,
679,62871,679,0.04571997100943692,0.0,0.6666666666666666,,,,,
680,62984,680,0.02760491625552129,1.0,1.0,,,,,
681,63065,681,0.037911743409197944,0.0,0.5,0.030610632156641858,0.0,0.6666666666666666,,
682,63130,682,0.030161184241869803,1.0,1.0,,,,,
683,63243,683,0.02182489009533926,1.0,1.0,,,,,
684,63340,684,0.01829633275494398,1.0,1.0,,,,,
685,63437,685,0.02363999806798167,1.0,1.0,,,,,
686,63566,686,0.023939296788571776,1.0,1.0,,,,,
687,63703,687,0.03136421719125615,0.0,0.6666666666666666,,,,,
688,63768,688,0.024820903352177882,1.0,1.0,,,,,
689,63833,689,0.025477418074857035,1.0,1.0,0.028809045257525107,1.0,1.0,,
690,63946,690,0.0298525576269215,0.0,0.5,,,,,
691,64019,691,0.028265513566635064,1.0,1.0,,,,,
692,64092,692,0.02431565202589861,1.0,1.0,,,,,
693,64197,693,0.027164650795274126,0.0,0.6666666666666666,,,,,
694,64254,694,0.051024861737754,0.0,0.5,,,,,
695,64359,695,0.02979864875262645,1.0,1.0,,,,,
696,64472,696,0.023815249925971702,1.0,1.0,,,,,
697,64585,697,0.03893096327451961,0.0,0.6666666666666666,0.08211485326667217,0.0,0.5,,
698,64682,698,0.028223000001093602,1.0,1.0,,,,,
699,64803,699,0.021295449040438386,1.0,1.0,,,,,
700,64860,700,0.02556431264480969,1.0,1.0,,,,,
701,64917,701,0.017326809861905098,1.0,1.0,,,,,
702,65030,702,0.05148462110346127,0.0,0.5,,,,,
703,65159,703,0.02673468051637457,1.0,1.0,,,,,
704,65208,704,0.03367290215734172,1.0,1.0,,,,,
705,65329,705,0.03906764349951482,0.0,0.5,0.02849825027421892,0.0,0.5,,
706,65378,706,0.023964119149049355,1.0,1.0,,,,,
707,65499,707,0.029345490007667837,1.0,1.0,,,,,
708,65612,708,0.03806990771745096,0.0,0.6666666666666666,,,,,
709,65733,709,0.023774081713511343,1.0,1.0,,,,,
710,65854,710,0.037053022158304576,0.0,0.5,,,,,
711,65919,711,0.047079493713672774,0.0,0.6666666666666666,,,,,
712,66032,712,0.025098456318929544,1.0,1.0,,,,,
713,66153,713,0.024398317717249235,1.0,1.0,0.05854650463642748,0.0,0.5,,
714,66218,714,0.038459337550239045,0.0,0.5,,,,,
715,66283,715,0.019138158203764154,1.0,1.0,,,,,
716,66348,716,0.09948297485928122,0.0,0.5,,,,,
717,66453,717,0.02988474486606029,1.0,1.0,,,,,
718,66510,718,0.04056819309856816,0.0,0.5,,,,,
719,66575,719,0.022255823696527025,1.0,1.0,,,,,
720,66800,720,0.02156993518422013,1.0,1.0,,,,,
721,66921,721,0.03423601529211099,0.0,0.6666666666666666,0.020911605392684846,1.0,1.0,,
722,67042,722,0.028087473037886262,1.0,1.0,,,,,
723,67107,723,0.034157693052583454,1.0,1.0,,,,,
724,67180,724,0.024566999687998657,1.0,1.0,,,,,
725,67685,725,0.03664049227925552,0.0,0.5,,,,,
726,67758,726,0.023533336919825985,1.0,1.0,,,,,
727,67855,727,0.029278228306543093,1.0,1.0,,,,,
728,67960,728,0.05341064274928804,0.0,0.5,,,,,
729,68073,729,0.02679627981693337,0.0,0.6666666666666666,0.03235816121841381,1.0,1.0,,
730,68138,730,0.026155476895124326,0.0,0.6666666666666666,,,,,
731,68251,731,0.038697964231316904,0.0,0.5,,,,,
732,68356,732,0.023294598981731248,1.0,1.0,,,,,
733,68469,733,0.024428236416453815,1.0,1.0,,,,,
734,68526,734,0.02061434678781419,1.0,1.0,,,,,
735,68639,735,0.040541868315913616,0.0,0.5,,,,,
736,68880,736,0.026617238642315594,0.0,0.6666666666666666,,,,,
737,68953,737,0.021872305925566184,1.0,1.0,0.023091299802946802,1.0,1.0,,
738,69010,738,0.021993328835628215,1.0,1.0,,,,,
739,69107,739,0.02086554127681971,1.0,1.0,,,,,
740,69164,740,0.021228789781513813,1.0,1.0,,,,,
741,69237,741,0.028940036643956155,1.0,1.0,,,,,
742,69294,742,0.021884465818495995,1.0,1.0,,,,,
743,69351,743,0.023342687987900623,1.0,1.0,,,,,
744,69408,744,0.022938251546638554,1.0,1.0,,,,,
745,69529,745,0.021688975683153255,1.0,1.0,0.0231995644251519,1.0,1.0,,
746,69650,746,0.030010643312298278,0.0,0.6666666666666666,,,,,
747,69763,747,0.03136279743453219,1.0,1.0,,,,,
748,69892,748,0.027155319401728682,1.0,1.0,,,,,
749,69949,749,0.03446292956873618,1.0,1.0,,,,,
750,70022,750,0.02643297346074165,1.0,1.0,,,,,
751,70087,751,0.02049592843949373,1.0,1.0,,,,,
752,70152,752,0.041738319687235584,0.0,0.6666666666666666,,,,,
753,70217,753,0.03356903167665756,0.0,0.5,0.022866908247127046,1.0,1.0,,
754,70330,754,0.03150776098978489,1.0,1.0,,,,,
755,70419,755,0.02687102157716703,1.0,1.0,,,,,
756,70476,756,0.02449335661836292,1.0,1.0,,,,,
757,70533,757,0.03707482399487202,1.0,1.0,,,,,
758,70646,758,0.02643351788852393,1.0,1.0,,,,,
759,70711,759,0.04242191471225937,0.0,0.5,,,,,
760,70784,760,0.0252121361128886,1.0,1.0,,,,,
761,70889,761,0.032327579371278545,1.0,1.0,0.020750412484994134,1.0,1.0,,
762,70970,762,0.021771035052741673,1.0,1.0,,,,,
763,71091,763,0.024551088341507533,1.0,1.0,,,,,
764,71156,764,0.023251882849559157,1.0,1.0,,,,,
765,71213,765,0.02467133304365444,1.0,1.0,,,,,
766,71262,766,0.02773408605649668,1.0,1.0,,,,,
767,71359,767,0.019586620254066326,1.0,1.0,,,,,
768,71464,768,0.037203415899137234,0.0,0.6666666666666666,,,,,
769,71513,769,0.030679701517113973,1.0,1.0,0.07976019356128267,0.0,0.5,,
770,71618,770,0.022261224869492235,1.0,1.0,,,,,
771,71723,771,0.027893567567758563,1.0,1.0,,,,,
772,71844,772,0.027743262957044854,1.0,1.0,,,,,
773,71973,773,0.02732180938316903,1.0,1.0,,,,,
774,72086,774,0.022416460055139413,1.0,1.0,,,,,
775,72135,775,0.02981566538450811,1.0,1.0,,,,,
776,72248,776,0.02554290269931398,1.0,1.0,,,,,
777,72297,777,0.025081152906970345,1.0,1.0,0.02493733026025715,1.0,1.0,,
778,72354,778,0.024156728477743947,1.0,1.0,,,,,
779,72475,779,0.015823397913239678,1.0,1.0,,,,,
780,72604,780,0.021024903731887146,1.0,1.0,,,,,
781,72741,781,0.027847850509340376,1.0,1.0,,,,,
782,72798,782,0.018122267857230392,1.0,1.0,,,,,
783,72919,783,0.023915212191425336,1.0,1.0,,,,,
784,72992,784,0.036424195577466144,0.0,0.6666666666666666,,,,,
785,73041,785,0.033536291212670516,1.0,1.0,0.028554311731268416,1.0,1.0,,
786,73098,786,0.02167306098063996,1.0,1.0,,,,,
787,73227,787,0.04378371953242283,0.0,0.5,,,,,
788,73332,788,0.023496936470019048,1.0,1.0,,,,,
789,73397,789,0.027954459849611913,1.0,1.0,,,,,
790,73446,790,0.02760322976194421,1.0,1.0,,,,,
791,73503,791,0.01858810061952448,1.0,1.0,,,,,
792,73568,792,0.049220169869199165,0.0,0.5,,,,,
793,73689,793,0.039381717586933686,0.0,0.6666666666666666,0.04692419036618061,0.0,0.5,,
794,73786,794,0.03308391935568172,1.0,1.0,,,,,
795,73899,795,0.04245376126340736,0.0,0.5,,,,,
796,73964,796,0.046254863172939864,0.0,0.5,,,,,
797,74085,797,0.03196313431254574,1.0,1.0,,,,,
798,74174,798,0.023078962168445374,1.0,1.0,,,,,
799,74231,799,0.036477241531747494,1.0,1.0,,,,,
800,74280,800,0.021592708137916125,1.0,1.0,,,,,
801,74337,801,0.011547912193025037,1.0,1.0,0.08692158619143933,0.0,0.5,,
802,74378,802,0.06665120991757661,0.0,0.5,,,,,
803,74435,803,0.05642879481125085,0.0,0.5,,,,,
804,75404,804,0.022639045848247767,1.0,1.0,,,,,
805,75461,805,0.02672388644113327,1.0,1.0,,,,,
806,75598,806,0.02416961904576116,0.0,0.5,,,,,
807,75663,807,0.027424082173246444,1.0,1.0,,,,,
808,75784,808,0.021377630847439245,1.0,1.0,,,,,
809,75849,809,0.035335867840696804,1.0,1.0,0.021747624476105305,1.0,1.0,,
810,75930,810,0.030036351837937538,1.0,1.0,,,,,
811,75979,811,0.028206425552566673,1.0,1.0,,,,,
812,76084,812,0.027600023791524417,1.0,1.0,,,,,
813,76197,813,0.037207301071846666,0.0,0.6666666666666666,,,,,
814,76262,814,0.025122812069013768,1.0,1.0,,,,,
815,76303,815,0.03265616839770795,1.0,1.0,,,,,
816,76384,816,0.029266088041091903,1.0,1.0,,,,,
817,76433,817,0.033637727142470736,1.0,1.0,0.02545650682597967,1.0,1.0,,
818,76570,818,0.024866640362017755,1.0,1.0,,,,,
819,76683,819,0.02859018228749333,1.0,1.0,,,,,
820,76748,820,0.02316359333210901,1.0,1.0,,,,,
821,76869,821,0.022518321072849744,1.0,1.0,,,,,
822,76974,822,0.02322925555676326,1.0,1.0,,,,,
823,77087,823,0.03097206501237496,1.0,1.0,,,,,
824,77144,824,0.02390014340467698,1.0,1.0,,,,,
825,77257,825,0.03876693664229847,0.0,0.5,0.03659186026947843,0.0,0.6666666666666666,,
826,77314,826,0.030912364950983658,1.0,1.0,,,,,
827,77451,827,0.029122390817147535,1.0,1.0,,,,,
828,77580,828,0.04590948713065559,0.0,0.5,,,,,
829,77701,829,0.02400831023183945,1.0,1.0,,,,,
830,77822,830,0.029562484381452994,1.0,1.0,,,,,
831,77943,831,0.024837610376267926,1.0,1.0,,,,,
832,78008,832,0.032644778396851565,1.0,1.0,,,,,
833,78081,833,0.020726727528002583,1.0,1.0,0.029134150923852114,1.0,1.0,,
834,78186,834,0.03505614860799339,1.0,1.0,,,,,
835,78275,835,0.031248746455426264,1.0,1.0,,,,,
836,78388,836,0.04263609655357006,0.0,0.6666666666666666,,,,,
837,78501,837,0.02830393106893374,1.0,1.0,,,,,
838,78614,838,0.029334411229846914,0.0,0.5,,,,,
839,78727,839,0.027458533850013074,1.0,1.0,,,,,
840,78872,840,0.02122898573843173,1.0,1.0,,,,,
841,78945,841,0.030451610196643174,1.0,1.0,0.024201669377618522,1.0,1.0,,
842,79066,842,0.02801038383864511,1.0,1.0,,,,,
843,79123,843,0.02518862771179748,1.0,1.0,,,,,
844,79220,844,0.03418375048307248,1.0,1.0,,,,,
845,79277,845,0.03700319401502091,1.0,1.0,,,,,
846,79390,846,0.02569782684252541,1.0,1.0,,,,,
847,79447,847,0.018432384720854497,1.0,1.0,,,,,
848,79512,848,0.027021666337255817,1.0,1.0,,,,,
849,79633,849,0.03248141685981435,1.0,1.0,0.03838915415435757,0.0,0.6666666666666666,,
850,79690,850,0.0444985390790176,1.0,1.0,,,,,
851,79739,851,0.04181047543294312,0.0,0.6666666666666666,,,,,
852,79852,852,0.039416940556887686,0.0,0.6666666666666666,,,,,
853,79901,853,0.01830883387739713,1.0,1.0,,,,,
854,80006,854,0.03249534160364264,1.0,1.0,,,,,
855,80127,855,0.02034603186033405,1.0,1.0,,,,,
856,80240,856,0.021945571719789104,1.0,1.0,,,,,
857,80321,857,0.03598589237179802,0.0,0.6666666666666666,0.08175583945729173,0.0,0.5,,
858,80378,858,0.03429206126819348,1.0,1.0,,,,,
859,80435,859,0.026982538052953975,1.0,1.0,,,,,
860,80508,860,0.027415282453162177,1.0,1.0,,,,,
861,80661,861,0.020808680089820415,1.0,1.0,,,,,
862,80726,862,0.022098085443091123,1.0,1.0,,,,,
863,80831,863,0.02829090610896683,1.0,1.0,,,,,
864,80944,864,0.03270144701355877,1.0,1.0,,,,,
865,81049,865,0.027700858143505043,1.0,1.0,0.041291938747726555,0.0,0.5,,
866,81122,866,0.03199850146967081,1.0,1.0,,,,,
867,81187,867,0.023870181659763005,1.0,1.0,,,,,
868,81244,868,0.03679814252187293,0.0,0.5,,,,,
869,81365,869,0.024925631422189603,1.0,1.0,,,,,
870,81446,870,0.032804156362507074,1.0,1.0,,,,,
871,81551,871,0.0332564549471318,1.0,1.0,,,,,
872,81632,872,0.02770060238394144,1.0,1.0,,,,,
873,81697,873,0.01855934340329804,1.0,1.0,0.03198499122025164,1.0,1.0,,
874,81818,874,0.02818228286810923,1.0,1.0,,,,,
875,81883,875,0.02237801786356434,1.0,1.0,,,,,
876,81932,876,0.018671500471063328,1.0,1.0,,,,,
877,82005,877,0.022731529805987867,1.0,1.0,,,,,
878,82070,878,0.022470600002781244,1.0,1.0,,,,,
879,82135,879,0.01908254168268652,1.0,1.0,,,,,
880,82248,880,0.026639246524624533,1.0,1.0,,,,,
881,82305,881,0.02185367860561245,1.0,1.0,0.04686418031655769,0.0,0.5,,
882,82370,882,0.02206594014079087,1.0,1.0,,,,,
883,82419,883,0.034412428072865875,0.0,0.5,,,,,
884,82540,884,0.030392785264890657,1.0,1.0,,,,,
885,82597,885,0.037630397857892274,0.0,0.6666666666666666,,,,,
886,82662,886,0.021039704783044788,1.0,1.0,,,,,
887,82727,887,0.028095003636100804,1.0,1.0,,,,,
888,82784,888,0.02882856912346316,1.0,1.0,,,,,
889,82889,889,0.025855458004744956,1.0,1.0,0.023275114445418226,1.0,1.0,,
890,82938,890,0.027969897726929607,1.0,1.0,,,,,
891,83027,891,0.02090737059836639,1.0,1.0,,,,,
892,83116,892,0.04692768323200371,0.0,0.6666666666666666,,,,,
893,83245,893,0.024099274882751775,1.0,1.0,,,,,
894,83350,894,0.03331156358119343,1.0,1.0,,,,,
895,83455,895,0.04467050710672101,0.0,0.6666666666666666,,,,,
896,83584,896,0.027171324636275862,1.0,1.0,,,,,
897,83713,897,0.02295480618890587,1.0,1.0,0.043404607992540284,0.0,0.5,,
898,83834,898,0.035475802109735596,0.0,0.6666666666666666,,,,,
899,83947,899,0.01845004703306106,1.0,1.0,,,,,
900,84052,900,0.02245702533079274,1.0,1.0,,,,,
901,84173,901,0.03997871701721603,0.0,0.5,,,,,
902,84246,902,0.01971835067001236,1.0,1.0,,,,,
903,84367,903,0.030014190188641963,1.0,1.0,,,,,
904,84480,904,0.02839562738086282,1.0,1.0,,,,,
905,84601,905,0.030668794476115598,1.0,1.0,0.030229165176312855,1.0,1.0,,
906,84730,906,0.01946380176808164,0.0,0.6666666666666666,,,,,
907,84843,907,0.02506855936484781,1.0,1.0,,,,,
908,84900,908,0.022812052815733664,1.0,1.0,,,,,
909,84941,909,0.018266160892134394,1.0,1.0,,,,,
910,84998,910,0.02506364588830205,1.0,1.0,,,,,
911,85103,911,0.03556729466114803,0.0,0.5,,,,,
912,85160,912,0.02539809413835719,1.0,1.0,,,,,
913,85209,913,0.024562813440137832,1.0,1.0,0.043237768503594745,0.0,0.6666666666666666,,
914,85282,914,0.033799588028579707,0.0,0.5,,,,,
915,85339,915,0.03681980912765164,0.0,0.6666666666666666,,,,,
916,85396,916,0.053131689214426965,0.0,0.5,,,,,
917,85453,917,0.029934044539137075,1.0,1.0,,,,,
918,85494,918,0.03594262341911122,1.0,1.0,,,,,
919,85559,919,0.023615393828723692,1.0,1.0,,,,,
920,85624,920,0.02041529032882761,1.0,1.0,,,,,
921,85753,921,0.016863485995120997,1.0,1.0,0.023511638674048208,1.0,1.0,,
922,85858,922,0.042432645267209836,0.0,0.5,,,,,
923,85987,923,0.03584837639611864,0.0,0.6666666666666666,,,,,
924,86100,924,0.022746841619017424,1.0,1.0,,,,,
925,86157,925,0.018798646841112234,1.0,1.0,,,,,
926,86246,926,0.02307292681598266,1.0,1.0,,,,,
927,86359,927,0.021817459286242766,1.0,1.0,,,,,
928,86416,928,0.021707572076206466,1.0,1.0,,,,,
929,86545,929,0.036653343461473545,0.0,0.6666666666666666,0.04549517051519103,0.0,0.5,,
930,86658,930,0.03812263640235291,0.0,0.5,,,,,
931,86787,931,0.022566104698967512,1.0,1.0,,,,,
932,86892,932,0.026906249422182796,1.0,1.0,,,,,
933,86949,933,0.022525749869106357,1.0,1.0,,,,,
934,87070,934,0.03603022559262871,0.0,0.5,,,,,
935,87119,935,0.019585554201230086,1.0,1.0,,,,,
936,87248,936,0.017328151084196622,1.0,1.0,,,,,
937,87353,937,0.016903969522922148,1.0,1.0,0.01740811003725698,1.0,1.0,,
938,87474,938,0.017172613980541512,1.0,1.0,,,,,
939,87587,939,0.04083975094238663,0.0,0.6666666666666666,,,,,
940,87652,940,0.028676694559505903,1.0,1.0,,,,,
941,87765,941,0.011255112900681258,1.0,1.0,,,,,
942,87838,942,0.05362870487042741,0.0,0.6666666666666666,,,,,
943,87911,943,0.018219566999999073,1.0,1.0,,,,,
944,87984,944,0.020212664745933213,1.0,1.0,,,,,
945,88033,945,0.1359704640295824,0.0,0.5,0.03411114442360845,1.0,1.0,,
946,88146,946,0.02819662220418638,1.0,1.0,,,,,
947,88203,947,0.054743690631231946,0.0,0.5,,,,,
948,88324,948,0.019397869433644816,1.0,1.0,,,,,
949,88389,949,0.0306681093715315,1.0,1.0,,,,,
950,88446,950,0.024633819766564945,1.0,1.0,,,,,
951,88503,951,0.022658797558633776,1.0,1.0,,,,,
952,88552,952,0.03169770382294222,1.0,1.0,,,,,
953,88681,953,0.024329750594765907,1.0,1.0,0.024217292818248987,1.0,1.0,,
954,88810,954,0.019318618704381903,1.0,1.0,,,,,
955,88859,955,0.01574968079122867,1.0,1.0,,,,,
956,88924,956,0.01787145517702399,1.0,1.0,,,,,
957,88973,957,0.023323196430263832,1.0,1.0,,,,,
958,89038,958,0.03686977914185455,1.0,1.0,,,,,
959,89167,959,0.023079258625652764,1.0,1.0,,,,,
960,89272,960,0.03375542556112088,1.0,1.0,,,,,
961,89345,961,0.02636510539894213,1.0,1.0,0.027161552096241087,1.0,1.0,,
962,89418,962,0.019359459776417003,1.0,1.0,,,,,
963,89467,963,0.02263120200056067,1.0,1.0,,,,,
964,89540,964,0.04170674735860103,0.0,0.6666666666666666,,,,,
965,89605,965,0.03591712144656441,1.0,1.0,,,,,
966,89662,966,0.02530242044215275,1.0,1.0,,,,,
967,89711,967,0.029661889861560934,1.0,1.0,,,,,
968,89832,968,0.024596258954213728,1.0,1.0,,,,,
969,89889,969,0.016743536795580657,1.0,1.0,0.02691825085684032,1.0,1.0,,
970,89954,970,0.04392922188148707,0.0,0.6666666666666666,,,,,
971,90011,971,0.03796824048121461,0.0,0.5,,,,,
972,90116,972,0.022698192643101908,1.0,1.0,,,,,
973,90181,973,0.047482944126635465,0.0,0.6666666666666666,,,,,
974,90230,974,0.030875595678129267,1.0,1.0,,,,,
975,90303,975,0.04271405264624124,0.0,0.6666666666666666,,,,,
976,90368,976,0.03679818674799667,0.0,0.6666666666666666,,,,,
977,90481,977,0.021118591540295533,1.0,1.0,0.01847027741513304,1.0,1.0,,
978,90530,978,0.03045737138430353,1.0,1.0,,,,,
979,90579,979,0.026206988365639495,1.0,1.0,,,,,
980,90684,980,0.024361031001245963,1.0,1.0,,,,,
981,90797,981,0.03314999338294626,0.0,0.5,,,,,
982,90854,982,0.030592730566747495,1.0,1.0,,,,,
983,90975,983,0.040525809397969,0.0,0.5,,,,,
984,91112,984,0.059827030066787995,0.0,0.5,,,,,
985,91161,985,0.0200495599559855,1.0,1.0,0.021354436318058376,1.0,1.0,,
986,91202,986,0.02491774077362152,1.0,1.0,,,,,
987,91371,987,0.032659820014994345,1.0,1.0,,,,,
988,91484,988,0.035950770467185866,0.0,0.5,,,,,
989,91589,989,0.025591111057894782,1.0,1.0,,,,,
990,91646,990,0.026174776731110093,1.0,1.0,,,,,
991,91695,991,0.027478369871587156,1.0,1.0,,,,,
992,91768,992,0.021732569806540123,1.0,1.0,,,,,
993,91881,993,0.03235009490550963,1.0,1.0,0.022664887845126824,1.0,1.0,,
994,92010,994,0.035276344370536866,0.0,0.6666666666666666,,,,,
995,92059,995,0.022015612890277272,1.0,1.0,,,,,
996,92172,996,0.02020308032690592,1.0,1.0,,,,,
997,92253,997,0.048446902140421945,0.0,0.6666666666666666,,,,,
998,92318,998,0.021757332642855766,1.0,1.0,,,,,
999,92383,999,0.022574074659136384,1.0,1.0,,,,,
1000,92440,1000,0.02316833179895993,1.0,1.0,,,,,
1001,92505,1001,0.02170390526504259,1.0,1.0,0.02256241725070739,1.0,1.0,,
1002,92618,1002,0.023378713482698026,1.0,1.0,,,,,
1003,92683,1003,0.02942958813303303,1.0,1.0,,,,,
1004,92748,1004,0.021978605652515144,1.0,1.0,,,,,
1005,93413,1005,0.026672064349136073,1.0,1.0,,,,,
1006,93462,1006,0.04586699915620818,0.0,0.5,,,,,
1007,93551,1007,0.024905357031319384,1.0,1.0,,,,,
1008,93624,1008,0.021490025431885024,1.0,1.0,,,,,
1009,93737,1009,0.03471774194855226,0.0,0.5,0.03271809074413984,1.0,1.0,,
1010,93842,1010,0.02112318567525591,1.0,1.0,,,,,
1011,93899,1011,0.03963542884868451,0.0,0.6666666666666666,,,,,
1012,94004,1012,0.03270164844992742,1.0,1.0,,,,,
1013,94077,1013,0.03205565000150222,1.0,1.0,,,,,
1014,94142,1014,0.035528719308450626,0.0,0.5,,,,,
1015,94199,1015,0.026208959645305816,1.0,1.0,,,,,
1016,94320,1016,0.0297537724692914,1.0,1.0,,,,,
1017,94393,1017,0.028987247929469745,1.0,1.0,0.02820283805660231,1.0,1.0,,
1018,94458,1018,0.017998761497314074,1.0,1.0,,,,,
1019,94571,1019,0.018803545221436235,1.0,1.0,,,,,
1020,94708,1020,0.02754409615522287,1.0,1.0,,,,,
1021,94773,1021,0.019504114254205257,1.0,1.0,,,,,
1022,94830,1022,0.0194967951558179,1.0,1.0,,,,,
1023,94967,1023,0.017557065927240295,1.0,1.0,,,,,
1024,95072,1024,0.02675354837907601,1.0,1.0,,,,,
1025,95161,1025,0.02751973637171225,1.0,1.0,0.0406217950987853,0.0,0.6666666666666666,,
1026,95242,1026,0.01910956856010352,1.0,1.0,,,,,
1027,95363,1027,0.027921002528621387,1.0,1.0,,,,,
1028,95484,1028,0.022861027167699614,1.0,1.0,,,,,
1029,95605,1029,0.02484693003430452,1.0,1.0,,,,,
1030,95702,1030,0.022727232472360737,1.0,1.0,,,,,
1031,95807,1031,0.020000797411355027,1.0,1.0,,,,,
1032,95928,1032,0.030162138980532313,0.0,0.6666666666666666,,,,,
1033,96057,1033,0.03127003212501335,1.0,1.0,0.01828276053777655,1.0,1.0,,
1034,96162,1034,0.03412529937354275,1.0,1.0,,,,,
1035,96211,1035,0.021412070695268046,1.0,1.0,,,,,
1036,96268,1036,0.04199170654741025,0.0,0.6666666666666666,,,,,
1037,96389,1037,0.02112090077246095,1.0,1.0,,,,,
1038,96454,1038,0.023231517484187794,1.0,1.0,,,,,
1039,96519,1039,0.04069195282189013,0.0,0.5,,,,,
1040,96632,1040,0.03340693572829464,0.0,0.5,,,,,
1041,96753,1041,0.033997068011542,1.0,1.0,0.11547027781917582,0.0,0.5,,
1042,96810,1042,0.025835601561270117,1.0,1.0,,,,,
1043,96867,1043,0.02673600989407012,1.0,1.0,,,,,
1044,96988,1044,0.022907254958020342,1.0,1.0,,,,,
1045,97045,1045,0.0205955166135704,1.0,1.0,,,,,
1046,97158,1046,0.020614254035073217,1.0,1.0,,,,,
1047,97271,1047,0.034395964885100716,0.0,0.5,,,,,
1048,97408,1048,0.021036258794121226,1.0,1.0,,,,,
1049,97465,1049,0.017379511739138705,1.0,1.0,0.042337474306254994,0.0,0.6666666666666666,,
1050,97538,1050,0.023868022258479584,1.0,1.0,,,,,
1051,97587,1051,0.05970839442766149,0.0,0.5,,,,,
1052,97644,1052,0.017261681736885543,1.0,1.0,,,,,
1053,97757,1053,0.027230056936720964,1.0,1.0,,,,,
1054,97862,1054,0.021175766378000692,1.0,1.0,,,,,
1055,97911,1055,0.03146682633025022,1.0,1.0,,,,,
1056,98024,1056,0.024640860030762744,1.0,1.0,,,,,
1057,98121,1057,0.03598362508759446,0.0,0.6666666666666666,0.03913214015736794,0.0,0.5,,
1058,98218,1058,0.04358671393691453,0.0,0.5,,,,,
1059,98323,1059,0.04296526134204075,1.0,1.0,,,,,
1060,98404,1060,0.025338460983740537,1.0,1.0,,,,,
1061,98445,1061,0.03318259773610112,0.0,0.6666666666666666,,,,,
1062,98558,1062,0.021919911482725762,1.0,1.0,,,,,
1063,98623,1063,0.019198160642761905,1.0,1.0,,,,,
1064,98704,1064,0.021750401485995014,1.0,1.0,,,,,
1065,98833,1065,0.02750515436909172,1.0,1.0,0.022300863945175643,1.0,1.0,,
1066,98890,1066,0.019494957871540198,1.0,1.0,,,,,
1067,99019,1067,0.022620380874777614,1.0,1.0,,,,,
1068,99140,1068,0.033868246551656246,0.0,0.6666666666666666,,,,,
1069,99245,1069,0.0285235883973156,1.0,1.0,,,,,
1070,99358,1070,0.020295761237698207,1.0,1.0,,,,,
1071,99495,1071,0.0276234505727825,1.0,1.0,,,,,
1072,99576,1072,0.022172246654665734,1.0,1.0,,,,,
1073,99633,1073,0.050078384502035896,0.0,0.6666666666666666,0.016178630015183822,1.0,1.0,,
1074,99762,1074,0.021119514934743098,1.0,1.0,,,,,
1075,99827,1075,0.022581022981728475,1.0,1.0,,,,,
1076,99948,1076,0.030976798493352078,1.0,1.0,,,,,
1077,100005,1077,0.023572982885742673,1.0,1.0,,,,,
1078,100062,1078,0.020469196527484912,1.0,1.0,,,,,
1079,100111,1079,0.0347203107006864,1.0,1.0,,,,,
1080,100224,1080,0.036050034190394264,0.0,0.6666666666666666,,,,,
1081,100289,1081,0.02527860797245096,1.0,1.0,0.028843714404243624,1.0,1.0,,
1082,100402,1082,0.02162468335653614,1.0,1.0,,,,,
1083,100475,1083,0.026211590384369512,1.0,1.0,,,,,
1084,100524,1084,0.014508165357069275,1.0,1.0,,,,,
1085,100637,1085,0.033608941039889824,0.0,0.5,,,,,
1086,100734,1086,0.03106175686954231,1.0,1.0,,,,,
1087,100791,1087,0.021490981069304176,1.0,1.0,,,,,
1088,100832,1088,0.017856640413244123,1.0,1.0,,,,,
1089,100929,1089,0.07210017416679115,0.0,0.5,0.017130045663085538,1.0,1.0,,
1090,101042,1090,0.033777603484565516,1.0,1.0,,,,,
1091,101107,1091,0.026324279482971856,1.0,1.0,,,,,
1092,101220,1092,0.03497452450918542,1.0,1.0,,,,,
1093,101285,1093,0.017058365455071813,1.0,1.0,,,,,
1094,101350,1094,0.02639436816233726,1.0,1.0,,,,,
1095,101399,1095,0.02889218542388579,1.0,1.0,,,,,
1096,101480,1096,0.020452567139147615,1.0,1.0,,,,,
1097,101609,1097,0.019981696320928676,1.0,1.0,0.029785269808089935,1.0,1.0,,
1098,101730,1098,0.027900398753933065,1.0,1.0,,,,,
1099,101779,1099,0.021748884369545935,1.0,1.0,,,,,
1100,101892,1100,0.024242609253686057,1.0,1.0,,,,,
1101,102021,1101,0.014044195106404134,1.0,1.0,,,,,
1102,102142,1102,0.023815223134903297,1.0,1.0,,,,,
1103,102247,1103,0.03511153071453368,0.0,0.5,,,,0.6666666865348816,0.6621666335781882

